linenum,url
1,https://www.njuskalo.hr/nekretnine/stan-prodaja-oroslavje-160-m2-4-soban-oglas-42101756
2,https://www.njuskalo.hr/nekretnine/zabok-stan-197.87-m2-prodaju-oglas-42089551
3,https://www.njuskalo.hr/nekretnine/sveti-kriz-zacretje-stan-prodaju-oglas-40657945
4,https://www.njuskalo.hr/nekretnine/veliko-trgovisce-stan-92.32-m-novogradnja-oglas-37486762
5,https://www.njuskalo.hr/nekretnine/stan-krapinske-toplice-60.00-m2-oglas-40973152
6,https://www.njuskalo.hr/nekretnine/stan-uzem-centru-zaboka-oglas-39127445
7,https://www.njuskalo.hr/nekretnine/stan-zabok-lug-zabocki-56.00-m2-novogradnja-oglas-39617598
8,https://www.njuskalo.hr/nekretnine/stan-druzilovec-82.00-m2-novogradnja-oglas-41591691
9,https://www.njuskalo.hr/nekretnine/prekrasan-novoadaptirani-stan-37.71m2-st-toplice-oglas-41295980
10,https://www.njuskalo.hr/nekretnine/stan-drugi-kat-87m2-novogradnja-donja-stubica-oglas-41784157
11,https://www.njuskalo.hr/nekretnine/stan-prizemlje-87m2-novogradnja-donja-stubica-oglas-41784156
12,https://www.njuskalo.hr/nekretnine/stan-prvi-kat-87m2-novogradnja-donja-stubica-oglas-41784155
13,https://www.njuskalo.hr/nekretnine/stan-zlatar-bistrica-63.00-m2-prodaja-oglas-41631839
14,https://www.njuskalo.hr/nekretnine/stan-novogradnja-36m2-oroslavje-oglas-40296837
15,https://www.njuskalo.hr/nekretnine/zagorje-oroslavje-2s-stan-adaptiran-oglas-41784154
16,https://www.njuskalo.hr/nekretnine/stan-krapinske-toplice-72.00-m2-novogradnja-oglas-42271734
17,https://www.njuskalo.hr/nekretnine/stan-62.12m2-centar-zaboka-novogradnja-dostupan-oglas-42283722
18,https://www.njuskalo.hr/nekretnine/stan-62.12m2-centar-zaboka-novogradnja-dostupan-oglas-42283721
19,https://www.njuskalo.hr/nekretnine/stan-62.12m2-centar-zaboka-novogradnja-dostupan-oglas-42283720
20,https://www.njuskalo.hr/nekretnine/stan-61.28m2-centar-zaboka-novogradnja-dostupno-oglas-42283719
21,https://www.njuskalo.hr/nekretnine/stan-90.51m2-centar-zaboka-novogradnja-dostupan-oglas-42283718
22,https://www.njuskalo.hr/nekretnine/stan-62.12m2-centar-zaboka-novogradnja-dostupan-oglas-42283717
23,https://www.njuskalo.hr/nekretnine/stan-61.28m2-centar-zaboka-novogradnja-dostupno-oglas-42283716
24,https://www.njuskalo.hr/nekretnine/stan-61.28m2-centar-zaboka-novogradnja-dostupan-oglas-42283715
25,https://www.njuskalo.hr/nekretnine/stanovi-61m2-90m2-centar-zaboka-novogradnja-oglas-42283714
26,https://www.njuskalo.hr/nekretnine/stubicke-toplice-centar-2-sobni-stan-potkrovlju-50m2-parking-oglas-34320184
27,https://www.njuskalo.hr/nekretnine/prostran-cetverosobni-stan-153m2-gpm-oroslavje-oglas-41784180
28,https://www.njuskalo.hr/nekretnine/prodaja-stan-oroslavje-160m2-oglas-42089778
29,https://www.njuskalo.hr/nekretnine/stan-mokrice-116.00-m2-oglas-41399732
30,https://www.njuskalo.hr/nekretnine/stan-zaboku-oglas-41769446
31,https://www.njuskalo.hr/nekretnine/stan-65-m2-centru-krapinskih-toplica-oglas-40397082
32,https://www.njuskalo.hr/nekretnine/stan-centar-zaboka-dvoristem-spremistem-parkirnim-mjestom-oglas-41989061
33,https://www.njuskalo.hr/nekretnine/stan-77.86m2-veliko-trgovisce-novogradnja-useljiv-oglas-42216868
34,https://www.njuskalo.hr/nekretnine/stan-77.86m2-veliko-trgovisce-novogradnja-oglas-42216865
35,https://www.njuskalo.hr/nekretnine/stan-77.86m2-veliko-trgovisce-novogradnja-oglas-42216864
36,https://www.njuskalo.hr/nekretnine/stan-druzilovec-82.00-m2-oglas-41202336
37,https://www.njuskalo.hr/nekretnine/stan-zabok-90.00-m2-novogradnja-oglas-41510672
38,https://www.njuskalo.hr/nekretnine/stan-zabok-61.00-m2-novogradnja-oglas-41510631
39,https://www.njuskalo.hr/nekretnine/stan-zabok-62.00-m2-novogradnja-oglas-41510590
40,https://www.njuskalo.hr/nekretnine/zgrada-b-stan-veliko-trgovisce-81.62-m2-prizemlje-iii-kat-oglas-41473694
41,https://www.njuskalo.hr/nekretnine/stan-veliko-trgovisce-68.00-m2-novogradnja-oglas-39691177
42,https://www.njuskalo.hr/nekretnine/stan-oroslavje-andrije-gredicaka-3h-32.00-m2-oglas-33954524
43,https://www.njuskalo.hr/nekretnine/stan-kuci-dvoriste-centru-krapine-369.41m2-oglas-37795165
44,https://www.njuskalo.hr/nekretnine/stan-budinscina-54.15-m2-oglas-42184644
45,https://www.njuskalo.hr/nekretnine/stan-pregrada-69.39m2-oglas-41694940
46,https://www.njuskalo.hr/nekretnine/stan-pregrada-80.17-m2-oglas-41694943
47,https://www.njuskalo.hr/nekretnine/stan-pregrada-78.53-m2-oglas-41694942
48,https://www.njuskalo.hr/nekretnine/konjscina-stan-57-m2-1-kat-oglas-41729750
49,https://www.njuskalo.hr/nekretnine/stan-pregrada-78.53-m2-novogradnja-oglas-39474358
50,https://www.njuskalo.hr/nekretnine/stan-pregrada-69.39-m2-novogradnja-oglas-39474319
51,https://www.njuskalo.hr/nekretnine/stan-pregrada-80.17-m2-novogradnja-oglas-39473673
52,https://www.njuskalo.hr/nekretnine/stan-stubicke-toplice-52.00-m2-oglas-41384497
53,https://www.njuskalo.hr/nekretnine/stan-stubicke-toplice-80-m2-novogradnja-oglas-42124846
54,https://www.njuskalo.hr/nekretnine/novogradnja-moguca-kupnja-preko-apn-a-oglas-40183841
55,https://www.njuskalo.hr/nekretnine/stan-oroslavje-160.00-m2-dvoetazni-open-space-privatna-garaza-oglas-39997765
56,https://www.njuskalo.hr/nekretnine/vrhovi-pregrade-resonant-living-oglas-38890394
57,https://www.njuskalo.hr/nekretnine/stan-pregrada-72.00-m2-novogradnja-oglas-38977693
58,https://www.njuskalo.hr/nekretnine/stan-krapinske-toplice-71.00-m2-novogradnja-oglas-40908324
59,https://www.njuskalo.hr/nekretnine/stan-lug-zabocki-60.00-m2-novogradnja-potkrovlje-oglas-41966301
60,https://www.njuskalo.hr/nekretnine/stan-lug-zabocki-60.00-m2-novogradnja-kat-oglas-41966217
61,https://www.njuskalo.hr/nekretnine/stan-lug-zabocki-55.00-m2-novogradnja-prizemlje-oglas-41966157
62,https://www.njuskalo.hr/nekretnine/stan-stubicke-toplice-40.12-m2-oglas-41095902
63,https://www.njuskalo.hr/nekretnine/stan-oroslavje-89.00-m2-oglas-38595001
64,https://www.njuskalo.hr/nekretnine/sveti-kriz-zacretje-dvosoban-stan-1-katu-55.00-m2-oglas-39887204
65,https://www.njuskalo.hr/nekretnine/prodaja-stan-donja-stubica-toplicka-3s-87m2-oglas-41926571
66,https://www.njuskalo.hr/nekretnine/prodaja-stan-donja-stubica-toplicka-3s-87m2-oglas-41926561
67,https://www.njuskalo.hr/nekretnine/prodaja-stan-donja-stubica-toplicka-3s-87m2-oglas-41926557
68,https://www.njuskalo.hr/nekretnine/stubicke-toplice-oaza-parku-prirode-medvednica-samo-40-km-zagreb-oglas-41917390
69,https://www.njuskalo.hr/nekretnine/vrhovi-pregrade-stan-87m2-oglas-38977305
70,https://www.njuskalo.hr/nekretnine/stan-zabok-88.00-m2-oglas-41587888
71,https://www.njuskalo.hr/nekretnine/stan-zlatar-140.00-m2-novogradnja-oglas-41590983
72,https://www.njuskalo.hr/nekretnine/stan-zlatar-123.00-m2-novogradnja-oglas-41590893
73,https://www.njuskalo.hr/nekretnine/oroslavje-prekrasan-dvoetazni-stan-3s-db-163m2-oglas-40124995
74,https://www.njuskalo.hr/nekretnine/stan-stubicke-toplice-80.00-m2-novogradnja-oglas-38895834
75,https://www.njuskalo.hr/nekretnine/stan-stubicke-toplice-63.00-m2-oglas-38886360
76,https://www.njuskalo.hr/nekretnine/stan-konjscina-zagrebacka-cesta-10a-oglas-38344485
77,https://www.njuskalo.hr/nekretnine/stan-podgora-krapinska-80.86-m2-oglas-41329071
78,https://www.njuskalo.hr/nekretnine/krapinske-toplice-stan-69m2-sjajna-lokacija-mirna-ulica-zelenilo-oglas-40992628
79,https://www.njuskalo.hr/nekretnine/stan-krapina-65.00-m2-oglas-40867996
80,https://www.njuskalo.hr/nekretnine/stan-sveti-kriz-zacretje-98.18-m2-oglas-39997939
81,https://www.njuskalo.hr/nekretnine/stan-zabok-65-m2-oglas-26178111
82,https://www.njuskalo.hr/nekretnine/stanovi-adresi-zagrebacka-ul-4-krapinske-toplice-oglas-39480704
83,https://www.njuskalo.hr/nekretnine/stan-stubicke-toplice-109.00-m2-novogradnja-oglas-38895519
84,https://www.njuskalo.hr/nekretnine/zabok-centar-dvoetazni-stan-129m2-oglas-38852061
85,https://www.njuskalo.hr/nekretnine/stan-stubicke-toplice-88.00-m2-oglas-37043530
